lang_pair,source,reference,mixtral,inner_id,produced_from,spatial_sense,error_type
en_pt_br,"In fact, most of my career, I've been immersing myself into seemingly horrible situations for the whole goal of trying to examine societal issues in a way that make them engaging, that make them interesting, that hopefully break them down in a way that make them entertaining and accessible to an audience.","De fato, a maior parte de minha carreira, tenho estado imerso em situações aparentemente horríveis com o firme propósito de tentar examinar questões sociais de modo a torná-las empolgantes, torná-las interessantes, esperando quebrá-las de modo a torná-las divertidas e acessíveis a uma platéia.","De fato, maior parte da minha carreira, tenho me mergulhado em situações aparentemente horríveis com o objetivo integral de examinar questões sociais de maneira envolvente, interessante, que possivelmente as desconstrua de forma divertida e acessível a uma audiência.",15936,SRC_TM_DATA/data_2024/en-pt_br-2.tmx,Into(3),"ie, wl"
en_pt_br,"So if we're serious about helping black boys and other children to read when it's not required, we need to incorporate relevant male reading models into early literacy and exchange some of the children's books that adults love so much for funny, silly or even gross books, like ""Gross Greg"".","Então, se estamos falando sério em ajudar as crianças a ler quando não for exigido, precisamos incorporar modelos de leitura relevantes no início da alfabetização e trocar alguns livros infantis que os adultos amam por livros engraçados, bobos ou até nojentos como o ""Gross Greg"".","Então, se realmente estivermos preocupados em ajudar meninos negros e outras crianças a ler quando não é obrigatório, precisamos incorporar modelos masculinos relevantes na alfabetização inicial e trocar alguns dos livros infantis que os adultos amam tanto por livros engraçados, bobos ou até mesmo repugnantes, como ""Greg Grosso"".",25983,SRC_TM_DATA/data_2024/en-pt_br-2.tmx,Into(3),om
en_pt_br,"And for a moment I was wondering, are we going to live in order to see real change happening on the ground, a change that does not come through foreign intervention, through the misery of occupation, through nations invading our land and deepening the sense of inferiority sometimes?","E, por um momento, pensei será que viveremos o suficiente para ver mudanças reais acontecendo neste panorama, uma mudança que não seja por intervenção estrangeira, pela miséria da ocupação, de outras nações invadindo nossa terra e aprofundando, muitas vezes, o sentimento de inferioridade?","E por um momento me perguntei, vamos viver para ver mudanças reais acontecendo no terreno, mudanças que não ocorrem por intermédio de intervenção estrangeira, por meio da miséria da ocupação, por nações invadirem nossa terra e profundizarem o senso de inferioridade algumas vezes?",12042,SRC_TM_DATA/data_2024/en-pt_br-2.tmx,Through(5),"an, wl, in"
en_pt_br,"Moonlighting as a stand-up comedian for the past eight years, I understand the importance of cultural competency, which I define as the ability to translate what you want someone else to know or be able to do into communication or experiences that they find relevant and engaging.","Ao fazer bico como comediante nos últimos oito anos, eu entendi a importância da competência cultural, a qual eu defino como a habilidade de traduzir o que você quer que as pessoas saibam ou façam em comunicação ou experiências relevantes e envolventes para elas.","Trabalhando como humorista de stand-up à noite ao longo dos últimos oito anos, compreendo a importância da competência cultural, que defino como a capacidade de traduzir o que você deseja que alguém saiba ou seja capaz de fazer em comunicação ou experiências que eles encontram relevantes e engaging.",25955,SRC_TM_DATA/data_2024/en-pt_br-2.tmx,Into(3),"ie, un"
en_pt_br,"And what's interesting to me is that the teams that usually win are not the ones with the most experienced team members, but the ones with members who are open to learn, who are open to unlearn and who are open to helping each other navigate through the changing circumstances.","O mais interessante para mim é que as equipes vencedoras não são aquelas com membros de maior experiência, mas sim, as mais abertas a aprender, e a desaprender, abertas a auxiliar uma à outra, a navegar na alteração de circunstâncias.","E o que é interessante para mim é que as equipes que geralmente ganham não são as que têm os membros mais experientes, mas sim as que têm membros dispostos a aprender, dispostos a desaprender e dispostos a ajudar uns aos outros a navegar pelas circunstâncias cambiantes.",14465,SRC_TM_DATA/data_2024/en-pt_br-2.tmx,Through(5),ie
en_pt_br,"I'm taking the temperature of the canal outside, pumping it through the heat exchange mechanism, it's turning through these amazing sails on the roof, and that, in turn, is falling softly onto the people in the restaurant, cooling them, or heating them, as the need may be.","Eu pego a temperatura do canal na parte de fora, bombeio pelo mecanismo de troca de calor, e ele é conduzido à essas saídas maravilhosas pelo teto, e que, por sua vez, cai suavemente sobre as pessoas do restaurante, refrescando-os, ou aquecendo-os, como a necessidade mandar.","Estou medindo a temperatura do canal do lado de fora, passando-a por mecanismo de troca de calor, ela gira através dessas lindas velas no telhado e, em seguida, desce suavemente sobre as pessoas no restaurante, esfriando-as ou aquecendo-as, conforme necessário.",3274,SRC_TM_DATA/data_2024/en-pt_br-2.tmx,Through(5),"ie, wl"
en_pt_br,"What the global delivery model allows is, it allows you to take previously geographically core-located tasks, break them up into parts, send them around the world where the expertise and the cost structure exists, and then specify the means for reintegrating them.","O modelo de entrega global permite que você pegue tarefas geograficamente localizadas, separe-as em partes, mande estas partes para lugares do mundo nos quais existam experiência e estrutura de custos, e então especifique os meios para reintegrá-las.","O modelo de entrega global permite, em essência, dividir tarefas anteriormente localizadas em núcleos geográficos, quebrá-las em partes e distribuí-las pelo mundo para where a expertise e a estrutura de custos existem, e, em seguida, especificar os meios de reagrupá-los.",69937,SRC_TM_DATA/data_2024/en-pt_br-2.tmx,Into(3),"lt, ad, ie"
en_pt_br,"However, if I today, then you tomorrow, maybe even more of us someday, if we embrace our right to look like ourselves, then in the world that's been violently whitewashed, we will become the pinpricks of color pushing through, much like those widows of Vrindavan.","No entanto, se eu hoje, depois você amanhã, talvez mais alguns de nós algum dia, se abraçarmos nosso direito de sermos nós mesmos, em um mundo que tem sido violentamente privado de cores, seremos esses raios de cores que abrem luz pelo caminho, como as viúvas de Vrindavan.","No entanto, se eu hoje, depois você amanhã, talvez até mesmo mais de nós algum dia, se nós abraçarmos nosso direito de nos parecer como nossa própria gente, então no mundo que foi violentamente branqueado, nós vamos nos tornar os pequenos pontos de cor que empurram através, muito como essas viúvas de Vrindavan.",10769,SRC_TM_DATA/data_2024/en-pt_br-2.tmx,Through(5),"ie, lt"
en_pt_br,"And through campus-level proceedings, Title IX goes so far as to give victims equitable rights during the campus process, which means that victims can represent their own interests during proceedings, rather than relying on educational institutions to do so.","E em processos no campus, o Título IX chega ao ponto de dar às vítimas direitos iguais durante o processo no campus, o que significa que vítimas podem representar seus próprios interesses, em vez de terem que contar com as instituições educacionais para tal.","E através de procedimentos a nível do campus, o Título IX vai ainda mais longe ao dar a vítimas direitos equitativos durante o processo no campus, o que significa que as vítimas podem representar seus próprios interesses durante os procedimentos, em vez de se apoiarem em instituições educacionais para fazê-lo.",72326,SRC_TM_DATA/data_2024/en-pt_br-2.tmx,Through(3),cc
en_pt_br,And the magic and the horror of that is that the same math that you use to break up the big thing into a million little things can be used to find a million little things and sew them back together and figure out what's actually happening in the market.,"E a mágica e o horror disso é que a mesma matemática que se usa para partir a coisa grande em milhões de coisinhas pode ser usada para encontrar um milhão de coisinhas e as emendar, todas juntas novamente e entender o que realmente está acontecendo no mercado.",E a magia e o horror dessa é que a mesma matemática que você usa para decompor a coisa grande em um milhão de pequenas coisas pode ser usada para encontrar um milhão de pequenas coisas e costurá-las de volta juntas e descobrir o que realmente está acontecendo no mercado.,27134,SRC_TM_DATA/data_2024/en-pt_br-2.tmx,Into(3),cc
en_pt_br,"Because sounds from the outside world have to travel through the mother's abdominal tissue and through the amniotic fluid that surrounds the fetus, the voices fetuses hear, starting around the fourth month of gestation, are muted and muffled.","Pelo fato de os sons do mundo exterior entrarem pelo tecido abdominal da mãe e pelo líquido amniótico que envolve o feto, as vozes que os fetos ouvem, começando pelo quarto mês de gestação, são bastante abafadas.","Porque os sons do mundo exterior têm que viajar através do tecido abdominal da mãe e também através do fluido amniótico que cerca o feto, as vozes que os fetos ouvem, a partir do quarto mês de gestação, estão mutadas e encobertas.",41047,SRC_TM_DATA/data_2024/en-pt_br-2.tmx,Through(3),lt
en_pt_br,"Because I think, as well as the awe of looking at that, I'm sure some people here are thinking, technology catches up so quick, how long is it before some crazed geek with a little remote control flies one through a window of the White House?","(Risadas) Porque acho, assim como nos maravilhamos olhando para isso, tenho certeza de que algumas pessoas aqui estão pensando, tecnologia se aprende tão rápido, quanto tempo demora até que um 'geek' amalucado com um pequeno controle remoto faça um voar pela janela da Casa Branca?","Porque eu acho, além da admiração de olhar para isso, estou certo de que algumas pessoas aqui também estão pensando, a tecnologia avança tão rápido que, em pouco tempo, um louco hacker com um pequeno controle remoto poderá voar um deles por uma janela do White House.",58917,SRC_TM_DATA/data_2024/en-pt_br-2.tmx,Through(3),lt
en_pt_br,"And the situation is that a car full of paramedics on their way home from the hospital after work have run across the wreckage, and they've advised the police that there were no survivors inside the car, that the driver's dead, that I'm dead.","E a situação é que um carro cheio de paramédicos no seu caminho de volta para o hospital depois do trabalho passaram pelos destroços, e eles avisaram a polícia que não havia sobreviventes dentro do carro, que o motorista estava morto, que eu estava morto.","E a situação é que um carro cheio de paramédicos, que estavam voltando para casa do hospital depois do trabalho, encontraram o acidente, e eles aconselharam a polícia que não havera sobreviventes no carro, que o motorista está morto, que eu também estou morto.",25710,SRC_TM_DATA/data_2024/en-pt_br-2.tmx,Across(5),"wl, wt"
en_pt_br,"So you put a message into this device and then you roll it on the wall, and it basically has all these solenoids pressing the buttons on spray cans, so you just pull it over a wall and it just writes on the wall all the political messages.","Então você põe uma mensagem nesse parede e ele basicamente tem todas essas solenóides que apertam os butões das latas de spray, então você o puxa pela parede e ele apenas escreve as mensagens políticas na parede.","Então, você insere uma mensagem neste dispositivo e depois o rola na parede, e basicamente ele possui todos esses solenoides pressionando os botões em spray cans, então você apenas passa por cima de uma parede e ele escreve mensagens políticas na parede.",70198,SRC_TM_DATA/data_2024/en-pt_br-2.tmx,Into(3),"un, ie"
en_pt_br,"And my dream is we'll have a world one day where we don't just honor those who take money and make more money from it, but we find those individuals who take our resources and convert it into changing the world in the most positive ways.","E o meu sonho é que tenhamos um dia um mundo onde nós não apenas honremos aqueles que pegam dinheiro e fazem mais dinheiro com ele, mas encontremos aqueles indivíduos que pegam nossos recursos e os convertem mudando o mundo de maneiras mais positivas.","E mineiro sonho é que um dia teremos um mundo em que não apenas homenageamos aqueles que tomam o dinheiro e fazem mais dinheiro a partir dele, mas também encontramos essas pessoas individuais que tomam nossos recursos e os convertem em mudanças no mundo de maneira positiva.",10867,SRC_TM_DATA/data_2024/en-pt_br-2.tmx,Into(3),"wl, co"
en_pt_br,"We are now going through an amazing and unprecedented moment where the power dynamics between men and women are shifting very rapidly, and in many of the places where it counts the most, women are, in fact, taking control of everything.","Estamos agora passando por um momento incrível e sem precedentes onde a dinâmica do poder entre homens e mulheres está mudando rapidamente. E em muitos lugares onde isso é mais importante, as mulheres estão, de fato, tomando o controle de tudo.","Estamos atualmente passando por um momento incrível e sem precedentes em que o equilíbrio de poder entre homens e mulheres está se alterando rapidamente, e, de fato, em muitos dos lugares em que isso é mais importante, as mulheres estão assumindo o controle de tudo.",4074,SRC_TM_DATA/data_2024/en-pt_br-2.tmx,Through(5),wl
en_pt_br,"However cancer is constrained by living inside our bodies, and its continued growth, its spreading through our bodies and eating away at our tissues, leads to the death of the cancer patient and also to the death of the cancer itself.","Entretanto o câncer é restringido porque vive dentro de nossos corpos, e seu crescimento contínuo, seu espalhar-se por nossos corpos alimentando-se de nossos tecidos conduz à morte o paciente com câncer e também à morte o próprio câncer.","No entanto, o câncer é limitado por viver dentro de nossos corpos, e seu crescimento contínuo, sua propagação através dos nossos corpos e a comer-se de nosso tecido, levam à morte do paciente de câncer e também à morte do próprio câncer. ",31972,SRC_TM_DATA/data_2024/en-pt_br-2.tmx,Through(1),po
en_pt_br,"When this district attorney of 30 years stepped down, the eyewitnesses from McKinley's case came forward and said that they had been pressured into testifying by the district attorneys, pressure which included the threat of jail time.","Quando este promotor há 30 anos no cargo saiu, as testemunhas oculares do caso McKinley se apresentaram e disseram terem sido pressionadas pelos promotores a testemunhar, pressão que incluiu ameaça de prisão.","Quando este promotor de justiça com 30 anos de experiência se aposentou, os testemunhas oculares do caso McKinley disseram que haviam sido pressionados a testemunhar pelos promotores de justiça, pressão que incluiu a ameaça de tempo na prisão.",28919,SRC_TM_DATA/data_2024/en-pt_br-2.tmx,Into(2),cc
en_pt_br,"I mean, why not utilize this technology, which massively broadens the boundaries of what's possible, accept that many of the things that happen in our world now go recorded, and we can obtain that information through social media?","Quero dizer, por que não utilizar essa tecnologia, que amplia massivamente os limites do que é possível, aceita que muito do que acontece em nosso mundo agora seja gravado, e podemos obter essas informações por meio da rede social?","De fato, por que não utilizar esta tecnologia, que amplia grandemente os limites do que é possível, e concordar que muitas das coisas que acontecem no nosso mundo agora são registradas e podemos obter essa informação através das redes sociais?",34455,SRC_TM_DATA/data_2024/en-pt_br-2.tmx,Through(5),cc
en_pt_br,"So I have this distinction between what we're making people do and the subject that's sort of mainstream and the subject that, in a sense, people might follow with their own interest and perhaps even be spiked into doing that.","Por isso faço a distinção entre o que estamos forçando as pessoas a fazer e o assunto que está na moda e o assunto que, de certo modo, as pessoas podem seguir por interesse próprio e talvez até serem incentivadas a isto.","Então, tenho esta distinção entre o que estamos fazendo as pessoas fazerem e o assunto que é mais ou menos dominante e o assunto que, em certo sentido, as pessoas poderiam seguir com seu próprio interesse e talvez mesmo ser estimuladas a fazê-lo.",991,SRC_TM_DATA/data_2024/en-pt_br-2.tmx,Into(3),wl
en_pt_br,"So, as you all know, species lived in particular ecological niches and particular environments, and the pressures of those environments selected which changes, through random mutation in species, were going to be preserved.","Então, como voces todos sabem, as espécies viviam em nichos ecológicos particulares e ambientes específicos, e as pressões desses ambientes selecionavam quais mudanças, através de mutações aleatórias nas espécies, seriam preservadas.","Então, como todos vocês sabem, espécies viviam em nichos ecológicos particulares e ambientes, e as pressões desses ambientes selecionaram quais alterações, por meio de mutações aleatórias em espécies, seriam preservadas.",14642,SRC_TM_DATA/data_2024/en-pt_br-2.tmx,Through(5),"an, om, wt"
en_pt_br,"And so this starts in four weeks, at the end of the summer, and my partner and I, Matthew and I, just went through the arduous and totally convoluted process of getting certified as high school teachers to actually run it.","Isso começa em quatro semanas, no final do verão. E meu parceiro e eu, Matthew e eu, acabamos de passar por um árduo e complicado processo de obter certificados de professores do ensino médio para executá-lo.","E então isso começa em quatro semanas, no fim do verão, e meu parceiro e eu, Matthew e eu, acabamos de passar pelo processo exaustivo e totalmente intrincado de nos certificar como professores do ensino médio para realmente administrá-lo.",444,SRC_TM_DATA/data_2024/en-pt_br-2.tmx,Through(5),ie
en_pt_br,"And with just a little bit of planning, we could transform a space dominated by traffic into one that provides open space for people, reconnects people with food and transforms waste into closed loop opportunities.","E apenas com um pouco de planejamento, nós poderemos transformar um espaço dominado pelo trânsito em um que vai proporcionar um espaço aberto para as pessoas, reconectar pessoas com alimentos e transformar resíduos em um circuíto fechado de oportunidades.","E com apenas um pouco de planejamento, poderíamos transformar um lugar dominado pelo trânsito em um que ofereça espaço aberto para as pessoas, readquecendo o contato das pessoas com a comida e convertendo resíduos em oportunidades fechadas em loop.",10185,SRC_TM_DATA/data_2024/en-pt_br-2.tmx,Into(3),un
en_pt_br,"Showed up the first day ready to make coffee and photocopies, but was paired with this righteous, deeply inspired attorney named Jeff Purcell, who thrust me onto the front lines from the very first day.","Apresentei-me no primeiro dia, pronta para fazer café e tirar fotocópias, mas fui alocada junto a este advogado justo, profundamente inspirado, chamado Jeff Purcell, que me lançou na linha de frente desde o primeiro dia.","Apareci no primeiro dia disposto a preparar café e fotocóias, mas fui emparelhado com este advogado justo, profundamente inspirado chamado Jeff Purcell, que me projetou na linha de frente desde o primeiro dia.",68594,SRC_TM_DATA/data_2024/en-pt_br-2.tmx,Onto(3),"wl, ie"
en_pt_br,And the first picture showed us that a truck caging 500 homeless and kidnapped dogs for food processing was spotted and stopped on the highway with the whole country watching through microblogging.,"E a primeira foto nos mostra que esse caminhão carregando 500 cães, abandonados e sequestrados, para processamento alimentar foi flagrado e parado na rodovia com todo o país observando via microblog.","E, a primeira foto mostrou-nos que um caminhão trazendo consigo 500 cães sem-teto e sequestrados para processamento de alimentos foi avistado e impedido na rodovia, com todo o país assistindo através do microblogging.",33278,SRC_TM_DATA/data_2024/en-pt_br-2.tmx,Through(5),co
en_pt_br,"All of the red circles are the symbiotic algae that live inside the coral tissue, turning sunlight and into sugars they both can use, and all of the little blue dots are the protective bacteria.","Todos os círculos vermelhos são as algas simbióticas que vivem dentro do tecido do coral, transformando a luz do sol em açúcares que os dois podem usar, e todos esses pontinhos azuis são as bactérias protetoras.","Todos os círculos vermelhos são as algas simbióticas que vivem dentro do tecido de coral, convertendo a luz solar em açúcares que both eles podem usar, e todos os pequenos pontos azuis são as bactérias protetoras.",65471,SRC_TM_DATA/data_2024/en-pt_br-2.tmx,Into(3),un
en_pt_br,"It also helped me to avoid the trap people in my profession sometimes fall into when trying to innovate, where we are quick to apply a technology before we've firmly grasped the problem at hand.","Também me ajudou a evitar a armadilha em que pessoas da minha profissão às vezes caem quando tentam inovar, e rapidamente aplicamos a tecnologia antes de entendermos muito bem o problema que temos.","Isso também me ajudou a evitar o trapa em que algumas pessoas em minha profissão às vezes caem quando tentam inovar, onde tendemos a aplicar uma tecnologia antes de compreender firmemente o problema.",13821,SRC_TM_DATA/data_2024/en-pt_br-2.tmx,Into(1),"in, om"
en_pt_br,"And it's really in this combined way that you get an overall sense of what's going on, because there's a lot of complex things like Medicaid and research money that flow across those boundaries.","E é realmente desta forma combinada que você tem um sensação geral do que está acontecendo, porque há um monte de coisas complexas como o Medicaid e dinheiro de pesquisa que flui ao longo dessas fronteiras.","E é realmente desta forma combinada que você consegue ter uma noção geral do que está acontecendo, pois existem muitas coisas complexas, como o Medicaid e o financiamento para pesquisas, que fluem através dessas fronteiras.",12560,SRC_TM_DATA/data_2024/en-pt_br-2.tmx,Through(5),sp
en_pt_br,"And with every click of the mouse and every touch of the screen, we are like Hansel and Gretel leaving breadcrumbs of our personal information everywhere we travel through the digital woods.","E a cada clique do mouse e a cada toque da tela, nós somos como João e Maria deixando pedacinhos de pão da nossa informação pessoal em todos os lugares que viajamos pela floresta digital.","E com cada clique do mouse e cada toque na tela, nós somos como o Henriqueta e Gretel deixando migalhas de nosso próprio histórico pessoal em todos os lugares em que viajamos pelas florestas digitais.",62918,SRC_TM_DATA/data_2024/en-pt_br-2.tmx,Through(2),in
en_pt_br,"Now, Ron Howard ran into Buzz Aldrin, who was not on the movie, so he had no idea that we were faking any of this footage, and he just responded as he would respond, and I'll run this.","Agora, Ron Howard vai até Buzz Aldrin, que não está no filme, dai ele não tem ideia que nós estamos forjando todas os trechos, ele só reagiu da forma como deveria reagir, e eu apresentarei isto.","Agora, Ron Howard encontrou-se com Buzz Aldrin, que não estava no filme, portanto, ele não tinha ideia de que estávamos fabricando alguma dessa filmagem, e ele simplesmente respondeu como sempre faria. E eu vou reproduzir isso para vocês.",73696,SRC_TM_DATA/data_2024/en-pt_br-2.tmx,Into(3),cc
en_pt_br,"And yet we still insist, by and large, in thinking that we can understand China by simply drawing on Western experience, looking at it through Western eyes, using Western concepts.","E ainda assim, nós insistimos, com grande margem, em pensar que podemos entender a China simplesmente por extrair da experiência Ocidental, olhando através de olhos Ocidentais, usando conceitos Ocidentais.","Ainda assim, por norma geral, continuamos insistentes em pensar que podemos compreender a China simplesmente ao nos basearmos na experiência ocidental, olhando para ela através de olhos ocidentais e utilizando conceitos ocidentais.",8405,SRC_TM_DATA/data_2024/en-pt_br-2.tmx,Through(5),cc
en_pt_br,"Now they've aged out of that demographic, but it's still the case that powerful ratings companies like Nielson don't even take into account viewers of television shows over age 54.","Agora eles envelheceram além dessa demografia, mas ainda é o caso de grandes companhias de pesquisa como a Nielson não levarem em conta os espectadores de shows de televisão com mais de 54 anos.","Agora eles envelheceram demais para esse grupo demográfico, mas ainda é assim: poderosas empresas de classificações como a Nielsen não chegam sequer a levar em consideração os espectadores de programas de televisão com idade superior a 54 anos.",9187,SRC_TM_DATA/data_2024/en-pt_br-2.tmx,Into(3),cc
en_pt_br,"But here's the thing: our aim is to encourage students to articulate their own opinions, not to coerce them into agreeing with us, so it actually doesn't matter if he and I agree.","Mas, penso da seguinte forma, nosso objetivo é incentivar os alunos a articular opiniões próprias, e não coagi-los a concordar conosco. Por isso, não importa se eu e ele concordarmos.","Mas aqui está a coisa: nosso objetivo é incentivar os estudantes a expressarem suas próprias opiniões, não forçá-los a concordar conosco, então na realidade não importa se ele e eu concordarmos ou não.",2797,SRC_TM_DATA/data_2024/en-pt_br-2.tmx,Into(3),lt
en_pt_br,"And what we've found is through genetic engineering, we can actually increase the efficiencies of these solar cells to record numbers for these types of dye-sensitized systems.","E o que nós descobrimos é que, através da engenharia genética, nós podemos realmente aumentar a eficiência destas células fotoelétricas para gravar números para estes tipos de sistemas sensibilizados por corantes.","E aquilo que descobrimos é que, através da engenharia genética, podemos realmente aumentar a eficiência desses painéis solares para números recorde neste tipo de sistemas de células sensibilizadas por corante.",19123,SRC_TM_DATA/data_2024/en-pt_br-2.tmx,Through(5),cc
en_pt_br,"Against all odds, I achieved my dream, and through this very personal commitment to myself, I slowly realized that completing the Ironman was about more than conquering Kona.","Contra todas as dificuldades, alcancei meu sonho, e embora esse fosse um compromisso pessoal, aos poucos me dei conta de que completar o Ironman era muito mais do que vencer o Kona.","Contra todas as probabilidades, consegui realizar meu sonho, e através deste compromisso muito pessoal comigo mesmo, fui gradualmente me convencendo de que completar o Ironman era algo que ultrapassava a conquista de Kona.",15343,SRC_TM_DATA/data_2024/en-pt_br-2.tmx,Through(5),cc
en_pt_br,"They discovered that adult cells, taken from you and me, could be reprogrammed back into embryonic-like cells, which they termed IPS cells, or induced pluripotent stem cells.","Eles descobriram que células adultas, retiradas de você ou de mim, poderiam ser reprogramadas para voltarem a ser células-tronco embrionárias, as quais eles denominaram células IPS, ou 'células-tronco pluripotentes induzidas'.","Eles descobriram que células adultas, provenientes de você e de mim, podiam ser reprogramadas de volta a células parecidas com células embrionárias, as quais eles chamaram de células IPS, ou células-tronco pluripotentes induzidas.",17471,SRC_TM_DATA/data_2024/en-pt_br-2.tmx,Into(3),cc
en_pt_br,"They cram them onto cots, put all your personal belongings in a plastic garbage bag, stick it underneath, and put you on the floor of an entire sports arena, or a gymnasium.","Amontoam essas pessoas em cama de campanha, colocam todos os seus pertencem pessoais em um saco de lixo, enfiam esse saco debaixo da cama e colocam você chão de uma arena esportiva, ou um ginásio.","Eles os amontoam em camas de campanha, colocam todas as suas coisas pessoais em uma sacola de lixo plástica, colocam-na debaixo dela, e colocam-te no chão de um enorme ginásio ou arena esportiva inteira.",65382,SRC_TM_DATA/data_2024/en-pt_br-2.tmx,Onto(1),cc
en_pt_br,"We all know it was an amazing movie, and it was so interesting to see it go out into the culture and become this phenomenon and to see all the different permutations of it.","Todos sabem que foi um filme fantástico. e foi muito interessante vê-lo, entrar na cultura e se tornar esse fenômeno e ver todas as diferentes alterações dele.","Todos nós sabemos que foi um filme incrível, e foi muito interessante ver como ele saiu na cultura e se tornou este fenômeno, além de ver todas as diferentes permulações dele. .",59844,SRC_TM_DATA/data_2024/en-pt_br-2.tmx,Into(3),ie
en_pt_br,"CA: And currently, a big focus of the company is, I guess, kind of a race with Boeing to be the first to provide the service to NASA of actually putting humans into orbit.","CA: Atualmente, um grande foco da empresa é uma espécie de competição com a Boeing para ser a primeira a prestar o serviço para a NASA de colocar realmente os seres humanos em órbita.","CA: Atualmente, o grande foco da empresa é, acredito, uma espécie de corrida com a Boeing para ser a primeira aprovada pela NASA para fornecer o serviço de colocar humanos em órbita.",67013,SRC_TM_DATA/data_2024/en-pt_br-2.tmx,Into(3),cc
en_pt_br,"And then there's, of course, the example that we're all too aware of: financial experts getting it so wrong that we're living through the worst recession since the 1930s.","E então tem, é claro, o exemplo que todos nós somos muito cientes: os experts em finanças erraram tanto que estamos passando pela pior recessão desde os anos 1930.","E então está, é claro, o exemplo com o qual nós todos estamos excessivamente familiarizados: especialistas financeiros se enganando de tal forma que estamos vivendo a pior recessão desde os anos 1930.",11199,SRC_TM_DATA/data_2024/en-pt_br-2.tmx,Through(5),wl
en_pt_br,"A new male comes into the area and takes over the pride, and, of course, first of all kills all the cubs and possibly some of the females that are defending their cubs.","Um novo macho vem para a área e domina o bando, e, é claro, primeiro de tudo mata os filhotes e possivelmente algumas fêmeas que defendem seus filhotes.","Um novo macho chega à área e assume o domínio da matilha, e, é claro, primeiramente mata todos os filhotes e possivelmente algumas das fêmeas que defendem seus filhotes.",5426,SRC_TM_DATA/data_2024/en-pt_br-2.tmx,Through(5),cc
en_pt_br,And that was brought into force to try and deal with the mountain of stuff that is just being made and then living for a while in our homes and then going to landfill.,E foi iniciada para tentar lidar com a montanha de coisas que estão sendo feitas e que vivem por um tempo em nossas casas e então são descartadas.,E isso foi instituído para tentar lidar com o monte de coisas que está sendo produzido e então morando por um tempo em nossos lares antes de ir para lixão.,7345,SRC_TM_DATA/data_2024/en-pt_br-2.tmx,Into(3),an
en_pt_br,"We brought a musician into the scanner, same way, had them memorize this melody then had another musician out in the control room trading back and forth interactively.",Agora o que fizemos foi levar um músico ao scanner – do mesmo jeito – fazê-lo memorizar essa melodia e dispor de outro músico fora da sala de experimento revezando interativamente.,"Traçamos um músico no scanner da mesma forma, fizemos com que eles memorizassem essa melodia e, em seguida, trouxemos outro músico para o sálão de controle, interagindo de forma interativa de forma alternada.",6518,SRC_TM_DATA/data_2024/en-pt_br-2.tmx,Into(1),"co, ag"
en_pt_br,"So now what we do is take a genome, we make maybe 50 copies of it, we cut all those copies up into little 50-base reads, and then we sequence them, massively parallel.","O que fazemos agora é pegar um genoma, fazemos talvez 50 cópias dele, cortamos essas cópias em trechos de até 50 bases, e os sequenciamos intensamente em paralelo.","Agora o que fazemos é pegar um genoma, fazer talvez 50 cópias dele, cortá-lo em pequenas leituras de 50 bases, e então sequenciar essas leituras em massivo paralelo.",31286,SRC_TM_DATA/data_2024/en-pt_br-2.tmx,Into(3),"ag, wl"
en_pt_br,"It's basically a pusher, so the propellant system and the thrusters are integrated into the capsule, and so if it detects a rocket problem, it pushes the capsule away.","É basicamente um propulsor. O sistema de propulsão e os propulsores estão integrados à cápsula, e, ao detectar um problema no foguete, ele empurra a cápsula para fora.","Basicamente, trata-se de um empurrador, ou seja, o sistema de propulsão e os acionadores estão integrados à cápsula. Assim, se detectar um problema na fusagem, ele empurra a cápsula para longe.",67032,SRC_TM_DATA/data_2024/en-pt_br-2.tmx,Into(3),wl
en_pt_br,"I always begin with the pulse, then I examine the hands, then I look at the nail beds, then I slide my hand up to the epitrochlear node, and I was into my ritual.","Sempre começo com o pulso, então examino as mãos, então olho as unhas, então deslizo a mão pelos nódulos do cotovelo, e eu estava no meu ritual.","Sempre começo pelo pulso, então examino as mãos, depois observo as leitos ungueais, depois deslizo minha mão até o nó epicondíleo e estava em minha rotina.",32419,SRC_TM_DATA/data_2024/en-pt_br-2.tmx,Into(3),lt
en_pt_br,"We need to connect the information always with the action, and then that action feeds back into different information, and it creates, of course, a feedback loop.","Nós precisamos conectar a informação sempre com a ação, e aí essa ação dá um feedback uma informação diferente, e isso cria, obviamente, um ciclo de feedback.","Precisamos sempre conectar as informações com a ação, e essa ação, por sua vez, se alimenta de diferentes informações, criando, é claro, um loop de realimentação.",8546,SRC_TM_DATA/data_2024/en-pt_br-2.tmx,Into(3),cc
en_pt_br,"The reason we did this is to create the ultimate memory machine, where you can go back and interactively fly around and then breathe video-life into this system.","Nós fizemos isso para criar a máquina de memória definitiva, onde você pode voltar no tempo e interagir e então aspirar a vida do vídeo neste sistema.","A razão porque fizemos isto é criar a máquina de memórias definitiva, na qual você possa voar interativamente e depois dar vida à essa experiência através do vídeo.",13252,SRC_TM_DATA/data_2024/en-pt_br-2.tmx,Into(3),ie
en_pt_br,"The choreographer, Toby Sedgwick, invented a beautiful sequence where the baby horse, which was made out of sticks and bits of twigs, grew up into the big horse.","O coreógrafo, Toby Sedgwick, inventou uma linda sequência onde o potrinho, que era feito de varas e pedaços de galhos cresceu e se tornou o grande cavalo.","O coreógrafo, Toby Sedgwick, inventou uma linda sequência em que o potro, feito de varas e pedaços de raminhos, cresceu até se tornar o grande cavalo.",15183,SRC_TM_DATA/data_2024/en-pt_br-2.tmx,Into(3),cc
en_pt_br,"Local communities on the East Coast would get together and whole teams of 10, 20 people would caravan across the United States, and they would form companies.","Pequenas comunidades do Leste se uniriam em equipes de 10 ou 20 pessoas e atravessariam do país, e formariam empresas.","Comunidades locais na Costa Leste se reuniam e equipes inteiras de 10, 20 pessoas viajavam em caravana através dos Estados Unidos e formavam empresas.",7038,SRC_TM_DATA/data_2024/en-pt_br-2.tmx,Across(2),po
en_pt_br,"We decided to instrument not only the car, but also the race car driver, to try to get a glimpse into what was going on in their head as they were doing this.","Decidimos instrumentalizar não apenas o carro, mas também o motorista, para tentar um vislumbre sobre o que estava acontecendo em suas mentes enquanto eles estavam fazendo isso.","Decidimos instumentar não apenas o carro, mas também o piloto de corrida, para tentarmos nos insideir no que estava acontecendo em sua mente enquanto eles faziam isso.",71378,SRC_TM_DATA/data_2024/en-pt_br-2.tmx,Into(3),in
en_pt_br,"In the fourth act, with our hubris, our overconfidence developing, we invaded Iraq and Afghanistan, and in the fifth act, we plunged into a humiliating mess.","No quarto ato, com nossa arrogância e nosso excesso de confiança crescendo, invadimos o Iraque e o Afeganistão. E no quinto ato, nos metemos numa humilhante confusão.","No quarto ato, com nosso hipertrofado orgulho e nossa excessiva confiança desenvolvendo-se, invadimos o Iraque e o Afeganistão, e no quinto ato, precipitamos-nos em um vergonhoso embalo.",27280,SRC_TM_DATA/data_2024/en-pt_br-2.tmx,Into(1),"in, ie"
en_pt_br,"But you can see here, the bottles that were supposedly being thrown at police were turned into bricks by the time they reached this edition of the newspaper.","Mas vocês podem ver aqui, as garrafas que supostamente foram jogadas contra a polícia se transformaram em tijolos no momento em que chegaram a essa edição do jornal.","No entanto, você pode ver aqui que as garrafas supostamente jogadas à polícia se transformaram em tijolos até chegar a esta edição do jornal.",34309,SRC_TM_DATA/data_2024/en-pt_br-2.tmx,Into(3),co
en_pt_br,"That is, through various gimmicks and things, a so-called balanced budget had led him to have 25 billion missing out of the 76 billion in proposed spending.","Ou seja, através de diversos artifícios e coisas, um assim chamado orçamento equilibrado o levou a ter 25 bilhões faltando do total de 76 bilhões em gastos propostos.","Isso é, por meio de diversos artifícios e coisas, um orçamento equilibrado supostamente levou ele a ter 25 bilhões faltando dos 76 bilhões propostos em despesas.",12580,SRC_TM_DATA/data_2024/en-pt_br-2.tmx,Through(5),cc
en_pt_br,"In fact, it's water's ability to adapt and change and remain flexible that made it so enduring through the ages, despite all the changes in the environment.","A bem da verdade, é a sua capacidade de adaptação, mudança e flexibilidade que a tornou duradora através dos anos, apesar de todas as mudanças no ambiente.","De fato, é a capacidade de adaptação e mudança e manter-se flexível da água que a tornou tão duradoura ao longo dos séculos, apesar de todas as mudanças no ambiente.",14460,SRC_TM_DATA/data_2024/en-pt_br-2.tmx,Through(5),co
en_pt_br,I've gotten into some trouble in Silicon Valley for saying that the patient in the bed has almost become an icon for the real patient who's in the computer.,Tive alguns problemas no Vale do Silicio por dizer que o paciente na cama tinha se tornado um ícone porque o paciente real é o que está no computador.,Eu me envolvei em algumas dificuldades no Vale do Silício por dizer que o paciente no leito quase se tornou um ícone para o verdadeiro paciente que está no computador.,32372,SRC_TM_DATA/data_2024/en-pt_br-2.tmx,Into(3),in
en_pt_br,"So what they're doing, let's see, something like that, so what they're doing is grasping aspects of that movement and they're generating it into a phrase.","Então o que eles estão fazendo, vamos ver, algo assim, então o que eles estão fazendo é absorver os aspectos daquele movimento e o transformando numa frase.","Então o que eles estão fazendo, vamos ver, algo desse tipo, então o que eles estão fazendo é apreensor aspectos de ese movimento e estão gerando isso em uma frase.",73876,SRC_TM_DATA/data_2024/en-pt_br-2.tmx,Into(3),"in, co"
en_pt_br,"And you know, for a few hundred bucks you can get these things and put them into your computer, and you can do fantastic things with these graphics cards.","E por algumas centenas de dólares vocês compram essas coisas e colocam no seu computador, e podem fazer coisas fantásticas com esses cartões gráficos.","E você sabe, por apenas alguns centos de dólares, você pode conseguir essas coisas e colocá-las em seu computador, e pode fazer coisas maravilhosas com esses cartões gráficos.",8075,SRC_TM_DATA/data_2024/en-pt_br-2.tmx,Into(3),"co, wl"
en_pt_br,"And this bone is peppered, as you can see, with the light shining through the skull with cavities, the sinuses, which warm and moisten the air we breathe.","E, este osso é salpicado, como vocês podem ver através da transiluminação do crânio, por cavidades, seios, que aquecem e umidificam o ar que inspiramos.","E este osso está manchado, como você pode ver, com a luz brilhando através do crânio com cavidades, os seios sinusais, que aquecem e humidificam o ar que respiramos.",11312,SRC_TM_DATA/data_2024/en-pt_br-2.tmx,Through(3),ie
en_pt_br,I fell through my apartment door and crawled to the bathroom where I found my problem: I had forgotten to mix in the most important part of my medicine.,Caí pela porta do apartamento e rastejei até o banheiro onde descobri meu problema: eu tinha esquecido de misturar a parte mais importante do meu medicamento.,"Eu caí pela porta da minha apartamento e arrastrei até o banheiro, onde encontrei meu problema: eu havia esquecido de misturar a parte mais importante de minha medicação.",7779,SRC_TM_DATA/data_2024/en-pt_br-2.tmx,Through(1),"ag, co"
en_pt_br,"I was drawn by their sense of personal conviction and their life of service, and opted for baptism into the Christian faith as my 10th birthday present.","Fui atraída pela convicção pessoal e pela dedicação dessas pessoas, e escolhi ser batizada na fé cristã como presente de aniversário de dez anos.","Fui atraído por seu senso de convicção pessoal e sua vida de serviço, e escolhi me batizar na fé cristã como presente de aniversário de 10 anos.",30962,SRC_TM_DATA/data_2024/en-pt_br-2.tmx,Into(3),cc
en_pt_br,"But in a world where energy is freed and transmittable easily and cheaply, we can take any water wherever we are and turn it into whatever we need.","Mas em um mundo onde a energia é liberada e transmissível fácil e barata, nós podemos obter água onde quer que estejamos e transformá-la no que quer que precisemos.","No entanto, em um mundo em que a energia é liberada e transmitida facilmente e de maneira barata, podemos tirar qualquer água onde estivermos e transformá-la no que precisarmos.",35506,SRC_TM_DATA/data_2024/en-pt_br-2.tmx,Into(3),co
en_pt_br,"So here we are flying through a day in our home as we move from sunlit morning through incandescent evening and, finally, lights out for the day.","Aqui estamos sobrevoando um dia em nossa casa à medida em que passamos de uma manhã de sol a uma noite incandescente e, finalmente, luzes apagadas.","Aqui estamos nós, voando através de um dia em nosso lar, enquanto passamos do clarão da manhã à iluminação incandescente da noite e, por fim, extinção das luzes para o dia.",13208,SRC_TM_DATA/data_2024/en-pt_br-2.tmx,Through(5),"ie, lt"
en_pt_br,"That turns out to be a big deal because now you can take, not just mouse cells, but you can human skin cells and turn them into human stem cells.","Isso passa a ser uma grande coisa porque agora podemos pegar, não apenas células de rato, mas células da pele humana e transformá-las em células-tronco humanas.","Isso acaba se tornando uma grande questão, pois agora você pode fazer, não apenas células de mouse, mas também células da pele humana e convertê-las em células-tronco humanas.",67822,SRC_TM_DATA/data_2024/en-pt_br-2.tmx,Into(3),un
en_pt_br,"But it's sublinear, and what that translates into is that, if you double the size of the organism, you actually only need 75 percent more energy.","Mas é sublinear, e significa que, se duplicarmos o tamanho do organismo, na verdade só precisaremos de mais 75% de energia.","Mas é sublinear, o que se traduz em que, se você dobrar o tamanho do organismo, na verdade só precisará de 75% a mais de energia.",27514,SRC_TM_DATA/data_2024/en-pt_br-2.tmx,Into(3),ie
en_pt_br,"So that night, I packed all my things in a bag, and I walked into my father's room and told him, ""Tomorrow morning, the bus is going to come in.","Naquela noite, fiz minha mala, entrei no quarto do meu pai e disse: ""Amanhã cedo o ônibus vai passar.","Aquela noite, eu fiz minha bagagem com todas as minhas coisas e entrei na sala de meu pai e lhe disse: ""Mañhã cedo, o ônibus vai chegar.",11977,SRC_TM_DATA/data_2024/en-pt_br-2.tmx,Into(1),"wl, in"
en_pt_br,And the business organizations thought we were onto something in terms of a way of preparing children much better for real-life work today.,E as organizações empresariais acharam que tínhamos algo interessante em termos de um preparo muito melhor das crianças para trabalhos da vida real dos dias de hoje.,E as organizações empresariais acharam que estávamos em algo quando se tratava de preparar muito melhor as crianças para o trabalho real da vida hoje.,32495,SRC_TM_DATA/data_2024/en-pt_br-2.tmx,Onto(3),ie
en_pt_br,You can always fool yourself into seeing a decline if you compare bleeding headlines of the present with rose-tinted images of the past.,Você sempre pode enganar a si mesmo e ver um declínio se comparar as manchetes sangrentas dos dias atuais com as lembranças cor-de-rosa do passado.,Pode sempre enganar a si mesmo ao ver um declínio se comparar manchetes ensanguentadas do presente com imagens enevoadas do passado.,73959,SRC_TM_DATA/data_2024/en-pt_br-2.tmx,Into(3),wl
en_pt_br,"And we systematically field tested, because in the field testing we learned some important lessons, and we went through many iterations.","E nós fizemos testes de campo sistemáticos porque no teste de campo nós aprendemos algumas lições importantes, e nós repetimos eles muitas vezes.","E nós testamos sistematicamente em campo, porque no teste de campo aprendemos algumas lições importantes, e passamos por muitas iterações.",72472,SRC_TM_DATA/data_2024/en-pt_br-2.tmx,Through(3),sp
en_pt_br,"And they didn't seem like they were visibly upset or in shock, and so I walked into the building, right into our workroom, and I cried.","E não pareciam visivelmente transtornadas ou em choque. Então entrei no prédio, na nossa sala de trabalho, e chorei.","E então eles não pareciam estar visivelmente magoados ou em choque, e assim eu entrei no edifício, diretamente em nossa sala de trabalho, e chorei.",74447,SRC_TM_DATA/data_2024/en-pt_br-2.tmx,Into(1),wl
en_pt_br,"LEGO has essentially taken the concrete block, the building block of the world, and made it into the building block of our imagination.","LEGO, basicamente, pegou o bloco de concreto, o bloco construtor do mundo, e transformou-o no bloco construtor de nossa imaginação.","LEGO essencialmente levou o bloco de concreto, o tijolo do mundo, e transformou-o no tijolo da nossa imaginação.",59080,SRC_TM_DATA/data_2024/en-pt_br-2.tmx,Into(3),wl
en_pt_br,"When you meet them, they lock into you, they look you in the eye, they invade your personal space, they massage the back of your head.","Quando você os encontra, eles se focam em você, eles olham nos seus olhos, eles invadem seu espaço pessoal, eles massageiam a sua nuca.","Quando os encontra, eles se fixam em você, olham você diretamente nos olhos, invadem seu espaço pessoal, massajam a parte de trás de sua cabeça.",13434,SRC_TM_DATA/data_2024/en-pt_br-2.tmx,Into(3),in
en_pt_br,"But citizen journalism and this technology has inserted a new layer of accountability into our world, and I think that's a good thing.",Mas o jornalismo cidadão e essa tecnologia têm inserido uma nova camada de responsabilidade em nosso mundo. Acho que isso é bom.,"Mas o jornalismo de cidadãos e essa tecnologia inseriram uma nova camada de responsabilização em nosso mundo, e acho que é uma coisa boa.",34453,SRC_TM_DATA/data_2024/en-pt_br-2.tmx,Into(3),co
en_pt_br,"Now in the old days, that meant getting out a volume and browsing through it alphabetically, maybe getting sidetracked, that was fun.","Nos velhos tempos, isso significava pegar um livro e ir pesquisando em ordem alfabética, talvez se distraindo, isso era legal.","Agora nos velhos tempos, isso significava retirar um volume e folheá-lo alfabeticamente, talvez se desviando um pouco do assunto, mas era divertido.",70055,SRC_TM_DATA/data_2024/en-pt_br-2.tmx,Through(5),cc
en_pt_br,"Now the data is sent to the server in real time, and a heat map is plotted, taking into account all the active devices on the ground.","Os dados são enviados em tempo real e um mapa de calor é impresso, levando em conta todos os dispositivos ativos no chão.","Agora os dados são enviados ao servidor em tempo real, e é traçada um mapa de calor, levando em conta todos os dispositivos ativos no solo.",11536,SRC_TM_DATA/data_2024/en-pt_br-2.tmx,Into(3),ag
en_pt_br,"So when you go home and you walk through your front door, take a second and ask yourselves, ""Could I do with a little life editing?","Então quando forem para casa e cruzarem a porta da frente, parem um tempo e se perguntem: ""Será que eu poderia editar um pouco a minha vida?","Quando você voltar para casa e entrar pela porta principal, pare por um instante e pergunte a si mesmo: ""Eu poderia me beneficiar de alguma edição na minha vida?"".",33604,SRC_TM_DATA/data_2024/en-pt_br-2.tmx,Through(3),an
en_pt_br,"And they come in and they go through the process, our process, they build confidence and now they think of themselves differently.","Elas vêm e vão ao longo do processo, nosso processo, constróem confiança e agora pensam sobre elas mesmas de maneira diferente.","E entram e passam pelo processo, nosso processo, eles construíram confiança e agora pensam diferentemente sobre si mesmos.",64902,SRC_TM_DATA/data_2024/en-pt_br-2.tmx,Through(5),wt
en_pt_br,"As an accomplished computer user, what Dimitry did was to transfer the gangster capitalism of his hometown onto the Worldwide Web.","Como um hábil usuário de computadores, o que Dimitri fez foi transferir o capital de gangsters de sua cidade natal para a web no mundo inteiro.","Como usuário experiente de computador, o que Dimitry fez foi transplantar o capitalismo do tipo gangster de sua cidade natal para a Worldwide Web.",31140,SRC_TM_DATA/data_2024/en-pt_br-2.tmx,Onto(3),un
en_pt_br,"All of our feelings of security about those diseases come from models given to us, really, by science filtered through the media.",Todas as nossas sensações de segurança a respeito dessas doenças surgem de modelos que certamente nos são dados pela ciência filtrada pela mídia.,"Todos nossos sentimentos de segurança em relação à essas doenças vêm de modelos que realmente nos são dados, pela ciência filtrada através da mídia.",18777,SRC_TM_DATA/data_2024/en-pt_br-2.tmx,Through(5),"co, gr, po"
en_pt_br,"And as we have watched women conquer breast cancer through the breast cancer campaign, this is what we need to do now with heart.",E na medida em que assistimos as mulheres combatendo o câncer de mama através das campanhas de combate ao câncer de mama isto é o que precisamos fazer agora em relação ao coração,"E, assim como temos visto mulheres conquistarem o câncer de mama através da campanha contra o câncer de mama, é isso que precisamos fazer agora com o coração.",57749,SRC_TM_DATA/data_2024/en-pt_br-2.tmx,Into(3),lt
en_pt_br,"And they do it secretly through misinformation and ambiguities and irrelevancies, trying to cause everyone to think more deeply.","E ele faz isso em segredo através de informações incorretas e ambiguidades e irrelevâncias, tentando fazer com que todos pensem mais.","Eles o fazem secretamente através de desinformação e ambiguidades e irrelevâncias, tentando fazer com que todos reflexionem profundamente.",18009,SRC_TM_DATA/data_2024/en-pt_br-2.tmx,Through(5),cc
en_pt_br,"I was visiting a cousin of mine in an old age home, and I spied a very shaky old man making his way across the room on a walker.","Visitava um primo meu em um retiro para idosos, e espiei um velho bem trêmulo atravessando a sala em um andador.","Estava visitando um primo meu em uma casa de repouso, e avistei um homem muito idoso e tremulante se movendo pelo quarto com the apoio de uma muleta.",63498,SRC_TM_DATA/data_2024/en-pt_br-2.tmx,Across(2),"wl, un, sp"
en_pt_br,"And no, I don't know how it works into the whole puzzling scheme of things, but obviously I know a coded message when I see one.","E não, eu não sei como funciona no grande e estarrecedor esquema das coisas, mas obviamente, eu reconheço uma mensagem codificada quando eu vejo uma.","E não, eu não sei como isso funciona no esquema geral confuso das coisas, mas claramente eu sei quando estou vendo uma mensagem codificada.",69221,SRC_TM_DATA/data_2024/en-pt_br-2.tmx,Into(3),cc
en_pt_br,"And if we can translate that into our built environment, then there's some exciting potential for the way that we build things.","E se pudermos traduzi-los em nosso ambiente de construção, teremos um potencial interessante para o modo como nós construímos.","E se pudéssemos traduzir isso para nosso ambiente construído, então há algum potencial emocionante para a forma como construímos coisas.",30147,SRC_TM_DATA/data_2024/en-pt_br-2.tmx,Into(3),"wt, wl"
en_pt_br,These people who went through the process and touched the snake ended up having less anxiety about other things in their lives.,"essas pessoas que passavam pelo processo e tocavam na cobra acabavam por ter menos ansiedade sobre outras coisas em suas vidas. Elas tentaram muito, perseveraram,",Esses pedidos que passaram pelo processo e tiveram contato com a cobra acabaram tendo menos ansiedade sobre outras coisas em suas vidas.,64895,SRC_TM_DATA/data_2024/en-pt_br-2.tmx,Through(5),wl
en_pt_br,"And you can see at the top of the screen, there's a centipede scrolling across your computer when you get infected by this one.","Vocês podem ver no alto da tela, uma centopéia andando pelo computador quando vocês são infectados por ela.",E você pode ver na parte superior da tela um “centípede” desfilando em sua computadora assim que você for infectado por este vírus.,26844,SRC_TM_DATA/data_2024/en-pt_br-2.tmx,Across(2),"in, ws, ad"
en_pt_br,"It's this combination of liquid metal, molten salt and high temperature that allows us to send high current through this thing.","É está combinação de metal líquido, sal derretido e alta temperatura que nos permite mandar alta corrente por esta coisa.","É essa combinação de metal líquido, sal fundido e alta temperatura que nos permite enviar corrente elétrica elevada através desta coisa. ",58656,SRC_TM_DATA/data_2024/en-pt_br-2.tmx,Through(1),cc
en_pt_br,There are going to be times when someone makes one expression while masking another that just kind of leaks through in a flash.,em que alguém faz uma expressão enquanto esconde outra que vaza por um instante.,"Vai haver moments em que alguém vai fazer uma expressão enquanto está disfarçando outra, que simplesmente transborda por um instante.",35094,SRC_TM_DATA/data_2024/en-pt_br-2.tmx,Through(5),"un, ie"
en_pt_br,And I am here to tell you that the women of GirlTrek are walking through the streets with a light that cannot be extinguished.,Estou aqui para dizer que as mulheres da GirlTrek estão caminhando pelas ruas com uma luz que não pode ser extinta.,E aqui estou eu para lhe dizer que as mulheres do GirlTrek estão andando pelas ruas com uma luz que não pode ser apagada.,65055,SRC_TM_DATA/data_2024/en-pt_br-2.tmx,Through(2),cc
en_pt_br,"I'd like to take you on a journey into the sea, looking at it from the perspective of its smallest inhabitants: the microbes.","Eu gostaria de levá-los em uma jornada pelo mar, olhando pela perspectiva de seus menores habitantes: os micróbios.","Gostaria de convidá-lo para uma jornada no mar, visto através da perspectiva de seus moradores mais pequenos: os microorganismos.",65421,SRC_TM_DATA/data_2024/en-pt_br-2.tmx,Into(1),"po, co"
en_pt_br,"They produce six different types of silk, which is spun together into a fiber, tougher than any fiber humans have ever made.","Elas produzem seis deferentes tipos de seda, que são fiadas juntas em uma fibra, mais resistente do que qualquer fibra que já tenha sido produzida pelo homem.","Eles produzem seis tipos diferentes de seda, que são tecidos juntos em uma fibra, mais resistente do que qualquer fio que os humanos tenham já fabricado.",10117,SRC_TM_DATA/data_2024/en-pt_br-2.tmx,Into(3),cc
en_pt_br,"So this is a case of actually adapting something, or maybe stealing something, and then turning it into a musical notation.","Então esse é um caso de adaptar alguma coisa ou talvez de roubar alguma coisa, e transformá-la em uma notação musical.","Então, isto é um caso de realmente adaptar algo, ou talvez roubar alguma coisa, e então transformá-lo em notação musical. ",73787,SRC_TM_DATA/data_2024/en-pt_br-2.tmx,Into(3),ag
en_pt_br,"This goes into the more sophisticated part of our process, and the really hard work, multi-step separation process begins.","Isso vai para a parte mais sofisticada de nosso processo, e a parte realmente difícil, o processo de separação em etapas, começa.","Isso entra na parte mais sofisticada do nosso processo, e começa a parte realmente difícil, o processo de separação em vários passos.",33823,SRC_TM_DATA/data_2024/en-pt_br-2.tmx,Into(3),cc
en_pt_br,"But the under-underdog hangs tough, and 22 miles into a 26-mile race, there is Derartu Tulu, up there with the lead pack.","Mas a ""sub-azarão"" aguenta firme. E depois de 35 km dos quase 42 km, lá está Derartu Tulu junto com a linha de frente.","Mas o verdadeiro azarado se mantém forte, e 22 milhas em uma corrida de 26 milhas, está Derartu Tulu, lá na ponta do pacote de líderes.",9420,SRC_TM_DATA/data_2024/en-pt_br-2.tmx,Into(3),"ad, wl, co"
en_pt_br,And you might think that that was incredibly stupid of our ancestors to be plugging things into a light socket like this.,E podemos pensar que era muita estupidez de nossos ancestrais ligar coisas a bocais assim.,E você poderia pensar que isso foi incrivelmente estúpido de nossos ancestrais terem ligado coisas em um tomada de luz assim. ,7154,SRC_TM_DATA/data_2024/en-pt_br-2.tmx,Into(1),wl
en_pt_br,"One day my wife came home from work and summoned the courage, through a lot of tears, to have a very honest conversation.","Um dia minha esposa chegou do trabalho e juntou coragem, em meio a várias lágrimas, para ter uma conversa muito honesta.","Um dia, minha esposa chegou em casa do trabalho e reuniu o coragem, através de muas lágrimas, para ter uma conversa muito honesta.",6777,SRC_TM_DATA/data_2024/en-pt_br-2.tmx,Through(5),"co, gr, in"
en_pt_br,"They toiled with rolled-up sleeves, with their hands deep in debt, they plowed ahead, growing their dreams into reality.","Eles labutaram de mangas arregaçadas, afundados em dívidas, eles seguiram em frente, tornando seus sonhos realidade.","Eles trabalharam com mangas enroladas, com as mãos mergulhadas na dívida, eles seguiram em frente, fazendo crescer suas aspirações em realidade.",33512,SRC_TM_DATA/data_2024/en-pt_br-2.tmx,Into(3),"co, ie"
en_pt_br,A few years back a group of researchers at University College London brought a bunch of memory champions into the lab.,"Alguns anos atrás, um grupo de pesquisadores da University College, em Londres, trouxeram para o laboratório vários campeões da memória.","Há alguns anos, um grupo de pesquisadores da University College London trouxe um grupo de campeões de memória para o laboratório.",63731,SRC_TM_DATA/data_2024/en-pt_br-2.tmx,Into(1),cc
en_pt_br,So we started thinking: what if the robot could leave the garden and go out into some other interesting environment?,Aí começamos a pensar: e se o robô pudesse deixar o jardim e ir para outros ambientes interessantes?,Então começamos a pensar: e se o robô pudesse sair do jardim e ir para outro ambiente interessante?,66101,SRC_TM_DATA/data_2024/en-pt_br-2.tmx,Into(1),cc
en_pt_br,"If I push even harder, I'll go through the bone structure, especially close to the ear where the bone is very soft.","Se pressiono mais ainda, vou através da estrutura óssea, especialmente perto do ouvido onde o osso é esponjoso.","Se eu empurrar ainda mais, vou atravessar a estrutura óssea, especialmente perto do ouvido onde o osso é muito macio.",8151,SRC_TM_DATA/data_2024/en-pt_br-2.tmx,Through(3),cc
en_pt_br,"It's very much like they brought into this world the reflex that orients them to people, but it has no traction.","É como se eles tivessem vindo ao mundo com o reflexo ocular que os orientam para as pessoas, mas sem nenhuma tração.","É muito semelhante a eles terem trazido à luz o reflexo que os orienta em relação às pessoas, mas ele não tem tração.",68258,SRC_TM_DATA/data_2024/en-pt_br-2.tmx,Into(3),lt
en_pt_br,"If we could get evolution into the material world, then I propose we should have a general theory of evolution.","Se pudessemos trazer a evolução para o mundo material, então eu proponho que deveriamos ter uma teoria geral da evolução.","Se pudéssemos introduzir a evolução no mundo material, então propõho que deveríamos ter uma teoria geral da evolução.",30564,SRC_TM_DATA/data_2024/en-pt_br-2.tmx,Into(3),in
en_pt_br,"With every handful of the powder they throw into the air, their white saris slowly start to suffuse with color.","Com cada punhado de pó que jogam para o ar, seus saris brancos aos poucos começam a se cobrir de cores.","Com cada tangerna da pó que eles jogam no ar, suas saris brancas começam gradualmente a se tingir de cor.",10738,SRC_TM_DATA/data_2024/en-pt_br-2.tmx,Into(1),"wl, ag"
en_pt_br,Radiologists classify breast density into four categories based on the appearance of the tissue on a mammogram.,Os radiologistas classificam a densidade do seio em quatro categorias baseadas na aparência do tecido na mamografia.,Radiologistas categorizam a densidade mamária em quatro níveis com base na aparência do tecido em uma mamografia.,6624,SRC_TM_DATA/data_2024/en-pt_br-2.tmx,Into(3),cc
en_pt_br,"If you actually look at a great business, you'll nearly always see all of these three things coming into play.","Se realmente está procurando um grande negócio, você verá quase sempre esses três aspectos em jogo.","Se você observador realmente um grande negócio, você verá quase sempre todos esses três aspectos entrando em jogo.",63056,SRC_TM_DATA/data_2024/en-pt_br-2.tmx,Into(3),wc
en_pt_br,"He gives them more money for geological data, they come back, they can't tell him where to go into production.","Ele dá a eles mais dinheiro para dados geológico, eles voltam, eles não conseguem dizer a ele onde a produção deveria acontecer.","Ele lhes dá mais dinheiro por dados geológicos, eles retornam, mas eles não conseguem dizer a ele onde produzir.",70283,SRC_TM_DATA/data_2024/en-pt_br-2.tmx,Into(3),ws
en_pt_br,"That night, I was taken into the emergency room and diagnosed as a type 1 diabetic in full-blown ketoacidosis.","Naquela noite, eu fui levado ao pronto atendimento e diagnosticado com diabetes tipo 1 em completa cetoacidose (acidose no sangue).","Aquela noite, fui levado para o pronto-socorro e diagnosticado como tendo diabetes do tipo 1 em cetoacidose completa.",71183,SRC_TM_DATA/data_2024/en-pt_br-2.tmx,Into(1),cc
en_pt_br,I believe that human beings have the power to turn situations of poverty into those of wealth and prosperity.,Acredito que os seres humanos têm o poder de transformar situações de pobreza em riqueza e prosperidade.,Acredito que os seres humanos têm o poder de transformar situações de pobreza em situações de riqueza e prosperidade.,33496,SRC_TM_DATA/data_2024/en-pt_br-2.tmx,Into(3),cc
en_pt_br,"Even Goldman Sachs once used to serve clients, before it turned into an institution that serves only itself.","Mesmo o Goldman Sachs já foi utilizado para servir seus clientes, antes de se tornar uma instituição que serve apenas a si mesmo.","Mesmo o Goldman Sachs costumava prestar serviços a clientes, antes de se transformar em uma instituição que serve apenas a si mesma.",6334,SRC_TM_DATA/data_2024/en-pt_br-2.tmx,Into(3),cc
en_pt_br,"Through inspired local leadership, they launched a peaceful resistance campaign to stop that from happening.","Através de uma inspirada liderança local, eles lançaram uma campanha de resistência pacífica para impedir que isto acontecesse.","Por meio de um líder local inspirado, eles lançaram uma campanha de resistência pacífica para impedir que isso acontecesse.",30076,SRC_TM_DATA/data_2024/en-pt_br-2.tmx,Through(5),cc
en_pt_br,"Through that and through human rights groups, we were brought together with several other victims' families.","Através disto e através dos grupos de direitos humanos, nós nos juntamos com muitas outras famílias de vítimas.","Por meio disso e por meio de grupos que defendem direitos humanos, nós fomos reunidos com várias outras famílias de vítimas.",19527,SRC_TM_DATA/data_2024/en-pt_br-2.tmx,Through(5),an
en_pt_br,"Our actions change the environment, or context, and these changes are then fed back into the decision loop.","Nossas ações modificam o ambiente, ou o contexto, e estas mudanças, por sua vez, retroalimentam a alça de decisão.","Nossas ações alteram o ambiente ou contexto, e essas mudanças são então retroalimentadas no ciclo de decisão. ",233,SRC_TM_DATA/data_2024/en-pt_br-2.tmx,Through(5),cc
en_pt_br,"So the light bulb laid down the heavy infrastructure, and then home appliances started coming into being.","Então a lâmpada construiu a pesada infraestrutura, e os eletrodomésticos começaram a existir.","Então a lâmpada incandescent instalou as pesadas infraestruturas, e então começaram a surgir os electrodomésticos para o lar. ",7107,SRC_TM_DATA/data_2024/en-pt_br-2.tmx,Into(3),"ad, co"
en_pt_br,"And I hope in some small way, the stories I've been able to tell you will help you get through things.","E espero que de alguma forma, as histórias que pude contar a vocês os ajudem a superar as coisas.","E espero, de alguma pequena forma, que as histórias que eu tive o privilégio de contar para você possam ajudá-lo a passar por situações difíceis.",74302,SRC_TM_DATA/data_2024/en-pt_br-2.tmx,Through(5),cc
en_pt_br,"So it transformed a linear process into a closed-loop model, and it created more value in the process.","Então se transformou de um processo linear para um modelo de circuíto fechado, e criou-se mais valor no processo.","Assim, ele transformou um processo linear em um modelo de loop fechado, e criou mais valor no processo.",10171,SRC_TM_DATA/data_2024/en-pt_br-2.tmx,Into(3),wl
en_pt_br,And what we found is that we got into a positive cycle in which one breakthrough facilitated another.,E o que nós encontramos é que nós entramos em um ciclo positivo em que um avanço facilita outro.,E aqui o que descobrimos: entramos em um ciclo positivo no qual uma descoberta facilitou a outra.,10148,SRC_TM_DATA/data_2024/en-pt_br-2.tmx,Into(3),cc
en_pt_br,"So through some of the hottest topics on microblogging, we can see what young people care most about.","Então através dos tópicos mais comentados nos microblogs, podemos ver com o que se preocupam os jovens.","Através de alguns dos assuntos mais quentes nas redes de microblogagem, podemos ver sobre o que os jovens se importam mais.",33253,SRC_TM_DATA/data_2024/en-pt_br-2.tmx,Through(5),"in, co"
en_pt_br,"And that could be translated into ""mey meen,"" which is the old Dravidian name for the planet Saturn.","E ele poderia ser traduzido como ""mey meen"" que é o antigo nome dravídico para o planeta Saturno.","Isso poderia ser traduzido como ""mey meen"", que é o antigo nome dravídico do planeta Saturno.",25149,SRC_TM_DATA/data_2024/en-pt_br-2.tmx,Into(3),cc
en_pt_br,"A few weeks later, you have your engineered organ that we're able to implant back into the patient.","Poucas semanas depois, você tem seu órgão artificial que nós somos capazes de implantar de volta no paciente.","Alguns poucos semanas depois, você tem o órgão engenharia que nós somos capazes de implantar de volta ao paciente.",12724,SRC_TM_DATA/data_2024/en-pt_br-2.tmx,Into(1),"ag, wl"
en_pt_br,"When the wind is blowing, any excess energy coming from the windmill is diverted into the battery.",(Risadas.) Quando o vento está soprando qualquer excesso de energia vindo do moinho de vento é direcionado para a bateria.,"Quando o vento está soprando, qualquer energia excedente vinda do aerogerador é desviada para a bateria.",19281,SRC_TM_DATA/data_2024/en-pt_br-2.tmx,Into(1),wl
en_pt_br,"And while they were trying to break down the door, I climbed in through the window, and jumped in.","E enquanto tentavam derrubar a porta, eu escalei pela janela e pulei para dentro.","E enquanto eles tentavam derrubar a porta, eu subi pela janela e pulei dentro.",72913,SRC_TM_DATA/data_2024/en-pt_br-2.tmx,Through(1),po
en_pt_br,What is interesting today is that real time control systems are starting to enter into our lives.,O interessante hoje é que sistemas de controle em tempo real estão começando a invadir nossas vidas.,"Hoje, o que é interessante é que os sistemas de controle em tempo real estão começando a entrar nas nossas vidas.",19711,SRC_TM_DATA/data_2024/en-pt_br-2.tmx,Into(3),ie
en_pt_br,"I won't go into the intrascatter that's in the subtests, but they still had a neurologic issue.","Eu não irei para os sub testes, mas eles ainda tinham um problema neurológico.","Não entrarei em detalhes sobre os subtestes e as interferências que neles existem, mas eles ainda apresentavam um problema neurológico.",25820,SRC_TM_DATA/data_2024/en-pt_br-2.tmx,Into(3),cc
en_pt_br,What happens when you have your wok cut in half is the oil goes down into the fire and whoosh!,O que acontece quando você corta seu tacho ao meio é que o óleo vai para o fogo e vuff!!,"O que acontece quando você corta sua wok ao meio é que o óleo desce para o fogo e vai, whoosh!",25520,SRC_TM_DATA/data_2024/en-pt_br-2.tmx,Into(3),un
en_pt_br,And we're going to continue being clueless going into this very difficult future that we face.,E vamos continuar completamente cegos para enfrentar este futuro muito difícil que enfrentamos.,E nós vamos continuar sem saber nada ao nos confrontarmos com este futuro muito difícil que temos pela frente.,29796,SRC_TM_DATA/data_2024/en-pt_br-2.tmx,Into(2),cc
en_pt_br,"And I was thinking, how many terrorists could I possibly play before turning into one myself?","E eu pensava, quantos papéis de terrorista devo fazer antes de me tornar um?","E então eu estava pensando, quantos terroristas é que poderia possivelmente interpretar antes de me transformar em um também? Ianother.",32536,SRC_TM_DATA/data_2024/en-pt_br-2.tmx,Into(3),"wt, lt, ad"
en_pt_br,"Here's somebody, what they did as they went through cognitive training at ages seven and 11.","Aqui alguém, o que ele fez quando passou pelo treinamento cognitivo nas idades de sete e 11 anos.","Aqui está alguém, o que eles fizeram ao passar por treinamento cognitivo aos sete e onze anos de idade.",25817,SRC_TM_DATA/data_2024/en-pt_br-2.tmx,Through(5),ag
en_pt_br,And this is detrimental to the local ecology of the sea area that it's pumped back out into.,E isso é prejudicial à ecologia local da área do mar para onde ela é bombeada.,E isso é prejudicial à ecologia local da área do mar em que é bombeado de volta.,68076,SRC_TM_DATA/data_2024/en-pt_br-2.tmx,Into(3),cc
en_pt_br,"And with ""Sartorial Anarchy,"" I began to invest more into the organization of my pictures.","Com ""Sartorial Anarchy"", comecei a investir mais na organização das minhas fotos.","E, com ""Sartorial Anarchy"", comecei a investir mais no planejamento de minha galeria de fotos.",15387,SRC_TM_DATA/data_2024/en-pt_br-2.tmx,Into(3),wl
en_pt_br,"Suggesting that God expresses Himself or Herself through powerlessness, rather than power.",Sugerindo que Deus expressa-se através da impotência ao invés do poder.,"Sugerindo que Deus se exprime através da impotência, em vez de poder.",16819,SRC_TM_DATA/data_2024/en-pt_br-2.tmx,Through(5),cc
en_pt_br,And I have a hunch that bringing art into an AI research process is a way to do just that.,E tenho a impressão que trazer a arte para o processo de pesquisa em IA é a forma de fazer isso.,E eu tenho uma suspeita de que trazer arte para um processo de pesquisa de inteligência artificial é um jeito de fazer exatamente isso.,35634,SRC_TM_DATA/data_2024/en-pt_br-2.tmx,Into(3),co
en_pt_br,"Once it's completed, I plan to integrate the Infinity Mushrooms into a number of objects.","Assim que estiver pronto, planejo integrar o Cogumelo Infinito em um certo número de objetos.","Uma vez concluído, tenho planos para integrar os Cogumelos Infinitos em vários objetos.",35202,SRC_TM_DATA/data_2024/en-pt_br-2.tmx,Into(3),cc
en_pt_br,Because the Internet and connection technologies are connecting them across the world.,Porque a Internet e as tecnologias de conexão estão ligando-os por todo o mundo.,Porque a Internet e as tecnologias de conexão estão ligando-os em todo o mundo.,26335,SRC_TM_DATA/data_2024/en-pt_br-2.tmx,Across(4),cc
en_pt_br,"It was decorative when it first started, just something pretty sewn onto your clothes.","Era uma peça decorativa quando apareceu, apenas um item bonito costurado nas suas roupas.","Inicialmente, isso era decorativo, apenas algo bonito costurado em suas roupas.",32923,SRC_TM_DATA/data_2024/en-pt_br-2.tmx,Onto(2),cc
en_pt_br,It gets up into the sky and contributes to the disasters that we're now experiencing.,Sobe então para o céu e contribui para os desastres que estamos observando hoje.,Essa coisa sobe no céu e contribui para os desastres que estamos vivenciando agora.,64815,SRC_TM_DATA/data_2024/en-pt_br-2.tmx,Into(1),po
en_pt_br,"DNA accumulates information through random errors, some of which just happen to work.","O DNA acumula informação através de erros aleatórios, alguns dos quais, acabam dando certo.","O DNA acumula informação através de erros aleatórios, sendo que alguns deles, por acaso, acabam funcionando.",16567,SRC_TM_DATA/data_2024/en-pt_br-2.tmx,Through(5),cc
en_pt_br,"We talk things over with our friends, we scour the Internet, we search through books.","Nós conversamos com nossos amigos, pesquisamos na internet, buscamos nos livros.","Nós conversamos sobre as coisas com nossos amigos, navegamos na Internet e procuramos em livros.",11181,SRC_TM_DATA/data_2024/en-pt_br-2.tmx,Through(5),ie
en_pt_br,So he'd take people to this two-way mirror looking into the room where the snake was.,"Então ele levaria as pessoas para o espelho de dois lados examinando a sala onde a cobra estava,","Então ele levava as pessoas para este espelho de duas vias, que dava para o cômodo onde estava a cobra.",64883,SRC_TM_DATA/data_2024/en-pt_br-2.tmx,Into(3),wl
en_pt_br,"It was graded one through four, number two being the ideal hardness for general use.","Foram classificados de um a quatro, o número dois sendo o de uso ideal para tarefas gerais.","Foi avaliado de um a quatro, sendo o número dois o ideal de dureza para uso geral.",32832,SRC_TM_DATA/data_2024/en-pt_br-2.tmx,Through(5),wl
en_pt_br,"I don't remember everything, but I do remember I went into crisis mode, mother mode.","Não me lembro de tudo, mas me lembro de ter entrado em modo de crise, em modo de mãe.","Não me lembro de tudo, mas lembro que entrei em modo de crise, modo mãe.",66554,SRC_TM_DATA/data_2024/en-pt_br-2.tmx,Into(3),cc
en_pt_br,Another important idea is this notion of persistence of character across realities.,Outra ideia importante é a noção da persistência do personagem entre as realidades.,Outra importante ideia é este conceito de persistência do caráter através das realidades.,10002,SRC_TM_DATA/data_2024/en-pt_br-2.tmx,Across(5),an
en_pt_br,"If you're cremated, all those toxins I mentioned are released into the atmosphere.","Se você é cremado, todas aquelas toxinas que mencionei são liberadas na atmosfera.","Se você for cremado, todas aquelas toxinas que mencionei são liberadas para a atmosfera.",35175,SRC_TM_DATA/data_2024/en-pt_br-2.tmx,Into(1),po
en_pt_br,And all of these fed into a disc array that was designed for a continuous capture.,E tudo isto ia para uma série de discos desenvolvidos para uma captação ininterrupta.,E todos esses se conectaram a um arranjo de disco que foi projetado para captura contínua.,13207,SRC_TM_DATA/data_2024/en-pt_br-2.tmx,Through(3),cc
en_pt_br,"BJ: But through our investigation, we have to seek the wildest places in Africa.","BJ: Mas através de nossa investigação, temos de procurar os lugares mais selvagens na África.","BJ: No entanto, através de nossa investigação, precisamos nos aventurar em lugares selvagens da África.",5325,SRC_TM_DATA/data_2024/en-pt_br-2.tmx,Through(5),cc
en_pt_br,"But if you leave children alone, they'll get into just a little bit of mischief.","Mas se deixarmos uma criança sozinha, ela vai aprontar um pouquinho.","Mas se você deixar as crianças sozinhas, elas vão se meter em apenas um pouco de desordem.",27663,SRC_TM_DATA/data_2024/en-pt_br-2.tmx,Into(3),lt
en_pt_br,"Through this very simple process, we can create an astounding variety of forms.","Através desse processo tão simples, conseguimos criar uma espantosa variedade de formas.","Por meio desse processo muito simples, podemos criar uma diversidade incrível de formas.",72725,SRC_TM_DATA/data_2024/en-pt_br-2.tmx,Through(5),cc
en_pt_br,"This year, unfortunately the lakebed's turned into an absolute cracked dry bed.","Este ano, infelizmente o leito do lago transformou em um leito seco e totalmente rachado.","Este ano, infelizmente, o leito do lago se transformou em uma cama completamente seca e fendida.",20269,SRC_TM_DATA/data_2024/en-pt_br-2.tmx,Into(3),wl
en_pt_br,I'm getting terribly excited as my mind and my eyes flick across these things.,Estou ficando incrivelmente entusiasmado enquanto minha mente e meus olhos passam por coisas assim.,"Estou ficando cada vez mais entusiasmado, pois minha mente e meus olhos pulam desesperadamente sobre essas coisas.",34604,SRC_TM_DATA/data_2024/en-pt_br-2.tmx,Into(2),ws
en_pt_br,It might spill off into the Hudson a little bit before it destroyed the Earth.,Poderia passar um pouco para o Rio Hudson antes de destruir a Terra.,Pode se derramar um pouco no Hudson antes de destruir a Terra.,13648,SRC_TM_DATA/data_2024/en-pt_br-2.tmx,Into(1),wt
en_pt_br,And so Netflix has gone through several different algorithms over the years.,"A Netflix analisou, ao longo dos anos, vários algoritmos diferentes.","E então, a Netflix passou por vários algoritmos diferentes ao longo dos anos.",27161,SRC_TM_DATA/data_2024/en-pt_br-2.tmx,Through(5),ie
en_pt_br,"It's born, and I play the next generation of my creature through evolution.",e eu jogo com a nova geração da minha criatura através da evolução.,"Está nascido, e eu jogarei a próxima geração de meu ser vivo por meio da evolução.",66270,SRC_TM_DATA/data_2024/en-pt_br-2.tmx,Through(5),"an, wt"
en_pt_br,"Alright, I want to tell you how I got my superpowers through fatherhood.",Vou contar a vocês como eu adquiri superpoderes com a paternidade.,"Legal, quero contar para você como eu obtive meus superpoderes por meio da paternidade.",27613,SRC_TM_DATA/data_2024/en-pt_br-2.tmx,Through(5),cc
en_pt_br,So we can imagine the early universe breaking up into a billion clouds.,"Assim, podemos imaginar o universo primevo separando-se em bilhões de nuvens.",Então podemos imaginar o universo primitivo se fragmentando em um bilhão de nuvens.,16501,SRC_TM_DATA/data_2024/en-pt_br-2.tmx,Into(3),cc
en_pt_br,So what we did was that we converted this device into a medical device.,"Então, o que fizemos foi converter este dispositivo num dispositivo médico.",Então o que nós fizemos foi converter este dispositivo em um dispositivo médico. ,72495,SRC_TM_DATA/data_2024/en-pt_br-2.tmx,Into(3),cc
en_pt_br,"Whenever current flows through the coil, this becomes an electromagnet.",Quando a corrente flui através da bobina ela se converte em um eletroímã.,"Sempre que a corrente flui pelo enrolamento, este se torna um eletroímano.",19430,SRC_TM_DATA/data_2024/en-pt_br-2.tmx,Through(1),"wl, in"
en_pt_br,That really involves designing behaviors and personality into products.,Isso realmente envolve projetar comportamentos e personalidade em produtos.,Isso realmente envolve projetar comportamentos e personalidade em produtos.,30683,SRC_TM_DATA/data_2024/en-pt_br-2.tmx,Into(3),cc
en_pt_br,How do I integrate this information into the longer course of my life?,Como eu integro essa informação a longo prazo em minha vida?,Como posso integrar essa informação ao longo curso de minha vida?,8665,SRC_TM_DATA/data_2024/en-pt_br-2.tmx,Into(3),co
en_pt_br,"We actually play through many generations here, at the cellular scale.","Agora, jogamos por várias gerações aqui, na escala celular.","Na verdade, nós jogamos por muitas gerações aqui, na escala celular.",66221,SRC_TM_DATA/data_2024/en-pt_br-2.tmx,Through(5),cc
en_pt_br,"In America, we can fall further into the darkness of discord, or not.","Nos EUA, podemos mergulhar ainda mais na escuridão da discórdia, ou não.","No Estados Unidos, podemos cair mais profundamente no escuro da discordância, ou não.",65054,SRC_TM_DATA/data_2024/en-pt_br-2.tmx,Into(3),ie
en_pt_br,"Yes, there's a guy walking across your screen once you get infected.","Sim, aparece um cara caminhando pela tela assim que se é infectado.","Sim, há um cara atravessando sua tela assim que você fica infectado.",26849,SRC_TM_DATA/data_2024/en-pt_br-2.tmx,Across(2),cc
en_pt_br,We make our way through the darkness to get to the light at the end.,Fazemos nosso caminho pela escuridão até a luz no final.,Nosso caminho é através da escuridão para chegar à luz no final. ,80955,SRC_TM_DATA/data_2024/en-pt_br-2.tmx,Through(5),cc
en_pt_br,I've shared with you so far some insights into the world of experts.,"Até agora, compartilhei alguns insights no mundo dos especialistas.",Tenho compartilhado conosco até agora algumas perspectivas sobre o mundo dos especialistas.,11214,SRC_TM_DATA/data_2024/en-pt_br-2.tmx,Through(5),wl
en_pt_br,"So the question started to work its way into my work life, as well.","Assim, aquela pergunta começou a impactar meu trabalho também.","Então a pergunta começou a se infiltrar também na minha vida profissional, assim como.",2901,SRC_TM_DATA/data_2024/en-pt_br-2.tmx,Into(3),cc
en_pt_br,You can sift through this data and see what people have submitted.,Você pode analisar esses dados e averiguar o que as pessoas responderam.,Você pode passar por este conjunto de dados e ver o que as pessoas enviaram.,63297,SRC_TM_DATA/data_2024/en-pt_br-2.tmx,Through(5),ie
en_pt_br,Imagine a lighter black hole falling into a very heavy black hole.,Imaginem um buraco negro mais leve caindo em um buraco negro muito pesado.,Imagine um buraco negro mais leve caindo em um buraco negro muito pesado.,13688,SRC_TM_DATA/data_2024/en-pt_br-2.tmx,Into(1),cc
en_pt_br,"And then he reaches into his pocket, and he brings this out to me.",Então ele procura no bolso e me mostra isto.,"Em seguida, ele alcança em seu bolso e retira isto para mim.",68913,SRC_TM_DATA/data_2024/en-pt_br-2.tmx,Into(1),ie
en_pt_br,"In between those two landmarks in Ham's life, he flew into space.","Entre esses dois marcos da vida de Ham, ele foi ao espaço.","Entre esses dois marcos na vida de Ham, ele voou para o espaço.",70115,SRC_TM_DATA/data_2024/en-pt_br-2.tmx,Into(1),ie
en_pt_br,So transforming the data set into something that looks like this.,Transformar o conjunto de dados em algo parecido com isso.,"Então, a transformação do conjunto de dados em algo que se assemelha a isto.",8053,SRC_TM_DATA/data_2024/en-pt_br-2.tmx,Into(3),cc
en_pt_br,"When I walked across Afghanistan, I stayed with people like this.","Quando atravessei o Afeganistão a pé, fiquei em casas de pessoas como esta.","Quando eu passei por Afeganistão, fiquei hospedado com pessoas assim.",27316,SRC_TM_DATA/data_2024/en-pt_br-2.tmx,Across(2),sp
en_pt_br,"This person studies all the ""arghs,"" from one through eight A's.","Esta pessoa estudou todos os ""ais"", de 1 até 8 'A's.","Essa pessoa estuda todos os ""arghs"", de um até oito As.",31874,SRC_TM_DATA/data_2024/en-pt_br-2.tmx,Through(3),un
en_pt_br,This is just the bit that protrudes into our physical dimension.,Isto é só a porção que sobressai em nossa dimensão física.,Isso é apenas a parte que sobresai para nossa dimensão física.,34594,SRC_TM_DATA/data_2024/en-pt_br-2.tmx,Into(3),cc
en_pt_br,"So now let's just quickly jump into the MoMA, again in New York.","Então agora vamos rapidamente entrar no MoMA, de novo em Nova York.","Agora vamos pular rápido para o MoMA, novamente em Nova Iorque.",20703,SRC_TM_DATA/data_2024/en-pt_br-2.tmx,Into(3),cc
en_pt_br,"Two months later, both of those villages fell into another war.","Dois meses depois, essas duas vilas entraram novamente em guerra.","Dois meses depois, ambas aquelas aldeias caíram em outro guerra.",58964,SRC_TM_DATA/data_2024/en-pt_br-2.tmx,Into(3),ag
en_pt_br,"First of all, I thought, I've got to get her into the house.","Primeiro de tudo, eu pensei, Preciso tê-la dentro de casa.","Primeiro, pensei: tenho que levar ela para dentro de casa.",73154,SRC_TM_DATA/data_2024/en-pt_br-2.tmx,Into(1),cc
en_pt_br,"This is a ship, a liner, clipping through the Indian Ocean.","Este é um navio, um transatlântico, singrando pelo Oceano Índico.","Isso é um navio, um transatlântico, cortando o Oceano Índico.",72076,SRC_TM_DATA/data_2024/en-pt_br-2.tmx,Through(2),cc
en_pt_br,It arrived like a speeding bird smashing into a windowpane.,Ele chegou como um pássaro em alta velocidade chocando-se contra uma vidraça.,"Chegou como um pássaro voando à velocidade, batendo em uma janela.",28791,SRC_TM_DATA/data_2024/en-pt_br-2.tmx,Into(2),wl
en_pt_br,And we often went into just a dead end and had to recover.,E várias vezes nos encontramos num beco sem saída e precisamos nos recuperar.,E nós frequentemente nos aventurávamos em um cul-de-sac e tivemos que nos recuperar.,15061,SRC_TM_DATA/data_2024/en-pt_br-2.tmx,Into(3),ie
en_pt_br,"It wasn't perfect, but it got us through the last century.","Ela não era perfeita, mas nos conduziu pelo último século.","Não era perfeito, mas nos levou através do último século.",13188,SRC_TM_DATA/data_2024/en-pt_br-2.tmx,Through(5),ie
en_pt_br,The iPatient is getting wonderful care all across America.,O iPaciente está tendo um tratamento maravilhoso em toda a América.,O iPaciente está recebendo ótimos cuidados em toda a América do Norte.,32375,SRC_TM_DATA/data_2024/en-pt_br-2.tmx,Across(4),wl
en_pt_br,"He'd gone onto his laptop, he typed in the flight number.",Ele foi até seu computador e digitou o número do voo.,"Ele tinha aberto seu laptop, ele digitou o número do voo.",34408,SRC_TM_DATA/data_2024/en-pt_br-2.tmx,Onto(3),cc
en_pt_br,She came out of the station and into a phone box nearby.,Saiu da estação e entrou numa cabine telefônica próxima.,Ela saiu da estação e entrou em uma cabine telefônica nas proximidades.,26050,SRC_TM_DATA/data_2024/en-pt_br-2.tmx,Into(1),wl
en_pt_br,Run it through the separator and you're ready to use it.,Passe-o pelo separador e está pronto para uso.,Rode através do separador e você estará pronto para usar.,57593,SRC_TM_DATA/data_2024/en-pt_br-2.tmx,Through(5),ie
en_pt_br,So even property rights have ambiguity built into them.,"Então, até os direitos de propriedade trazem ambiguidade,",Então mesmo os direitos de propriedade têm incorporated em si mesmos uma certa dose de ambiguidade.,2454,SRC_TM_DATA/data_2024/en-pt_br-2.tmx,Into(3),"in, ad"
en_pt_br,And so this is the dilemma we've gotten ourselves into.,Esse é o dilema em que nós nos metemos.,"Então, isto é o dilema em que nós nos fizemos colocar.",63902,SRC_TM_DATA/data_2024/en-pt_br-2.tmx,Into(3),ie
en_pt_br,But that math liberation didn't get into education yet.,Mas esta libertação da matemática ainda não chegou na educação.,Mas essa libertação matemática ainda não entrou na educação.,966,SRC_TM_DATA/data_2024/en-pt_br-2.tmx,Into(3),ie
en_pt_br,"Imagine a big explosion as you climb through 3,000 ft.",Imaginem uma grande explosão ao subir a 3 mil pés.,Imagine uma grande explosão à medida que você sobe por entre 3.000 pés.,18458,SRC_TM_DATA/data_2024/en-pt_br-2.tmx,Through(5),co
en_pt_br,"Within a few minutes, she went into cardiac collapse.","Dentro de poucos minutos, ela teve um colapso cardíaco.","Em poucos minutos, ela entrou em colapso cardíaco.",32299,SRC_TM_DATA/data_2024/en-pt_br-2.tmx,Into(3),cc
en_pt_br,"Here's the scanner going through, scanning the wound.",Aqui está o scanner passando e digitalizando a ferida.,"Aqui está o aparelho de varredura passando através, analisando a ferida.",12751,SRC_TM_DATA/data_2024/en-pt_br-2.tmx,Through(3),"sp, wl"
en_pt_br,Decisively my other foot sets itself onto the cable.,"Decidido, meu outro pé se coloca sobre o cabo.","Decididamente, meu outro pé posiciona-se no cabo.",65807,SRC_TM_DATA/data_2024/en-pt_br-2.tmx,Onto(1),cc
en_pt_br,And we get sucked into that faster than anything.,E caímos nessa mais rápido que qualquer outra coisa.,E nós somos puxados para isso mais rápido do que qualquer outra coisa.,2113,SRC_TM_DATA/data_2024/en-pt_br-2.tmx,Into(3),ie
en_pt_br,"And early in the morning, I went into the ward.","E de manhã cedo, entrei na enfermaria.","E, às primeiras luas da manhã, eu entrei no pavilhão há-di-a, eu-me-vi no pavilhão.",30214,SRC_TM_DATA/data_2024/en-pt_br-2.tmx,Into(1),"in, ad, re"
en_pt_br,There was no opponent directly across from you.,Não havia um oponente diretamente contra você.,Não havia um oponente diretamente em frente a você.,69000,SRC_TM_DATA/data_2024/en-pt_br-2.tmx,Across(3),cc
en_pt_br,And we're going to go all across the country.,E prosseguiremos em todo o país.,E então nós vamos atravessar todo o país.,65005,SRC_TM_DATA/data_2024/en-pt_br-2.tmx,Across(4),cc
en_pt_br,That DNA is passed down through our mothers.,Esse DNA nos é transmitido por meio de nossas mães.,"Essa informação genética é herdada de nossas mães, através do DNA.",14721,SRC_TM_DATA/data_2024/en-pt_br-2.tmx,Through(5),cc
en_pt_br,And here's some music translated into color.,E aqui estão algumas músicas traduzidas em cores.,E aqui está alguma música traduzida em cores.,72036,SRC_TM_DATA/data_2024/en-pt_br-2.tmx,Into(3),an
en_pt_br,They would literally walk across the street.,"Literalmente atravessavam a rua, para outra calçada.",Eles literalmente cruzariam a rua.,33983,SRC_TM_DATA/data_2024/en-pt_br-2.tmx,Across(2),cc
en_pt_br,That reaches 21 kilometers into the sky.,Isso atinge 21 quilômetros até o céu.,Isso alcança 21 quilômetros no céu. ,98716,SRC_TM_DATA/data_2024/en-pt_br-2.tmx,Into(1),po
en_pt_br,And so that's just programmed into you.,Então isso é simplesmente programado em você.,E assim isso fica simplesmente programado em você.,65929,SRC_TM_DATA/data_2024/en-pt_br-2.tmx,Into(3),cc
en_pt_br,And the light goes through that hole.,E a luz passa através daquele orifício.,E a luz passa por aquela abertura.,28457,SRC_TM_DATA/data_2024/en-pt_br-2.tmx,Through(1),cc
en_pt_br,But then they turn into stomps.,Mas então se tornam em pisões.,Mas então eles se transformam em batidas fortes.,27720,SRC_TM_DATA/data_2024/en-pt_br-2.tmx,Into(3),wl
